Filing Date,Ticker,Company Name,Insider Name,Transaction Price,Price Bought,Value,24h_Change_%,1w_Change_%,1m_Change_%
2025-02-12 21:16:44,TKO,"Tko Group Holdings, Inc.",Whitesell Patrick,174.48,176.67999267578125,68128471,,,
2025-02-12 20:28:13,BPRN,"Princeton Bancorp, Inc.",Tuchman Martin,32.71,31.3799991607666,719620,,,
2025-02-12 17:24:03,FLWS,1 800 Flowers Com Inc,"Fund 1 Investments, LLC",8.11,8.229999542236328,1135429,,,
2025-02-12 17:21:33,SION,"Sionna Therapeutics, Inc.","Tpg Gp A, LLC",18.0,19.989999771118164,20250000,,,
2025-02-12 16:31:24,MTH,Meritage Homes Corp,Hilton Steven J,74.51,73.23999786376953,819610,+0.49%,,
2025-02-12 16:05:59,AMCR,Amcor Plc,Konieczny Peter,10.05,9.989999771118164,1004780,+1.15%,,
2025-02-12 14:22:51,MAGN,Magnera Corp,Begle Curt,21.08,21.93000030517578,501297,+3.85%,,
2025-02-11 20:35:48,OXY,Occidental Petroleum Corp /De/,Berkshire Hathaway Inc,46.82,48.619998931884766,35724074,-1.62%,,
2025-02-11 19:51:08,KALV,"Kalvista Pharmaceuticals, Inc.","Venrock Healthcare Capital Partners Iii, L.P.",9.26,9.289999961853027,967145,+0.43%,,
2025-02-11 17:58:35,NVCT,"Nuvectis Pharma, Inc.",Mosseri Marlio Charles,5.0,6.300000190734863,1200000,+8.25%,,
2025-02-11 17:00:15,OCX,Oncocyte Corp,Smith Patrick W,2.05,2.3299999237060547,2209080,+7.94%,,
2025-02-11 16:45:14,NINE,"Nine Energy Service, Inc.",Monroe William,1.58,1.25,744019,-0.4%,,
2025-02-11 16:39:35,HP,"Helmerich & Payne, Inc.",Lindsay John W,27.55,27.239999771118164,551000,-1.06%,,
2025-02-11 12:14:10,BZH,Beazer Homes USA Inc,Johnson Lloyd Emerson,22.23,24.030000686645508,500236,-3.18%,,
2025-02-10 20:43:04,OCX,Oncocyte Corp,"Broadwood Partners, L.P.",2.05,2.069999933242798,10589675,+12.56%,,
2025-02-10 20:13:48,BZH,Beazer Homes USA Inc,Johnson Lloyd Emerson,22.68,22.61000061035156,510379,+5.4%,,
2025-02-10 18:07:45,MNR,Mach Natural Resources LP,McMullen William Wallace,15.5,16.229999542236328,79999995,-0.06%,,
2025-02-10 16:05:22,KFII,K&F Growth Acquisition Corp. II,K&F Growth Acquisition LLC II,10.0,,4954470,,,
2025-02-10 16:05:06,SION,"Sionna Therapeutics, Inc.",Thompson Peter A.,18.0,22.46999931335449,9900000,,,
2025-02-10 16:05:05,SION,"Sionna Therapeutics, Inc.",Booth Bruce,18.0,22.46999931335449,1080000,,,
2025-02-10 16:05:04,SION,"Sionna Therapeutics, Inc.","Atlas Venture Fund Xi, L.P.",18.0,22.46999931335449,1080000,-9.61%,,
2025-02-10 16:01:42,MTCH,"Match Group, Inc.",Rascoff Spencer M,34.41,33.619998931884766,2049704,+0.95%,,
2025-02-10 16:01:33,EL,Estee Lauder Companies Inc,Fribourg Paul J,65.0,68.70999908447266,2957333,+2.91%,,
2025-02-10 08:19:12,PCT,"Purecycle Technologies, Inc.",Sylebra Capital LLC,8.06,8.9399995803833,4996596,-5.48%,,
2025-02-07 21:14:34,PBF,Pbf Energy Inc.,Control Empresarial De Capitales S.A. De C.V.,28.7,27.81999969482422,4305060,+3.2%,,
2025-02-07 20:45:00,TKO,"Tko Group Holdings, Inc.","Silver Lake West Holdco, L.P.",163.27,166.41000366210938,54181770,+4.03%,,
2025-02-07 20:30:26,TKO,"Tko Group Holdings, Inc.",Whitesell Patrick,163.27,166.41000366210938,54181770,+4.03%,,
2025-02-07 20:30:05,TKO,"Tko Group Holdings, Inc.",Emanuel Ariel,163.27,166.41000366210938,54181770,+4.03%,,
2025-02-07 19:54:28,AKRO,"Akero Therapeutics, Inc.",Graham G. Walmsley,48.0,54.209999084472656,9600000,-5.68%,,
2025-02-07 19:35:56,KEY,Keycorp /New/,Bank of Nova Scotia,17.85,17.84000015258789,892500,-1.85%,,
2025-02-07 17:01:57,FLWS,1 800 Flowers Com Inc,"Fund 1 Investments, LLC",8.04,8.0600004196167,2933822,+0.5%,,
2025-02-07 16:21:19,TECX,"Tectonic Therapeutic, Inc.",Springer Timothy A,50.68,36.470001220703125,39999977,-4.78%,,
2025-02-07 16:18:52,EL,Estee Lauder Companies Inc,Fribourg Paul J,65.8,65.04000091552734,5724373,+5.64%,,
2025-02-07 16:04:52,MRK,"Merck & Co., Inc.",Baker Douglas M Jr,88.5,87.30500030517578,1327500,-1.05%,,
2025-02-07 16:04:37,REFLX,Pimco Flexible Real Estate Income Fund,Ivascyn Daniel J,10.49,10.479999542236328,10490000,+0.0%,,
2025-02-07 15:21:05,LFUS,Littelfuse Inc /de,Grillo Anthony,233.98,232.6300048828125,4094575,,,
2025-02-06 18:46:43,MUR,Murphy Oil Corp,Deming Claiborne P,26.51,26.309999465942383,2651415,+1.94%,,
2025-02-06 07:42:07,JBLU,Jetblue Airways Corp,Mittal Nik,6.14,6.440000057220459,614340,+2.1%,+4.94%,
2025-02-05 18:56:24,PBF,Pbf Energy Inc.,Control Empresarial De Capitales S.A. De C.V.,27.47,29.690000534057617,1098968,-5.36%,-10.21%,
2025-02-05 16:17:07,MBX,"Mbx Biosciences, Inc.",Hawryluk P. Kent,10.69,11.279999732971191,534500,+8.49%,-20.12%,
2025-02-05 16:03:11,AESI,Atlas Energy Solutions Inc.,Brigham Ben M,23.0,21.81999969482422,4999993,-0.55%,-3.85%,
